filename	bytes	content_type	source_url
logo.jpg	26167	image/jpeg	https://static.wixstatic.com/media/eda1e6_49b6cabc711745ddbf7cd9eec02063b9~mv2.jpg/v1/fill/w_746,h_533,al_c,q_85,usm_0.66_1.00_0.01,enc_avif,quality_auto/GBOYZLOGO2023.jpg
hero-shop.jpg	293692	image/jpeg	https://static.wixstatic.com/media/eda1e6_8df7a6d02d3740a893e16f30839792ba~mv2.jpg/v1/fill/w_1905,h_993,al_c,q_85,usm_0.66_1.00_0.01,enc_avif,quality_auto/eda1e6_8df7a6d02d3740a893e16f30839792ba~mv2.jpg
reverse.jpg	64616	image/jpeg	https://static.wixstatic.com/media/7272fc_93c9d9d892b045ecbed5049d5c160e3c~mv2.jpg/v1/fill/w_480,h_480,al_c,q_85,enc_avif,quality_auto/7272fc_93c9d9d892b045ecbed5049d5c160e3c~mv2.jpg
standard.jpg	53794	image/jpeg	https://static.wixstatic.com/media/7272fc_164cf07dc69943b0a6562928c3620e98~mv2.jpg/v1/fill/w_480,h_480,al_c,q_85,enc_avif,quality_auto/7272fc_164cf07dc69943b0a6562928c3620e98~mv2.jpg
fwd.jpg	69285	image/jpeg	https://static.wixstatic.com/media/7272fc_ae39c77b12244775871eddeb5f2418a9~mv2.jpg/v1/fill/w_480,h_480,al_c,q_85,enc_avif,quality_auto/7272fc_ae39c77b12244775871eddeb5f2418a9~mv2.jpg
cross-laced.jpg	58609	image/jpeg	https://static.wixstatic.com/media/7272fc_707c898c02454b5c8e2d683f98ce2704~mv2.jpg/v1/fill/w_480,h_480,al_c,q_85,enc_avif,quality_auto/7272fc_707c898c02454b5c8e2d683f98ce2704~mv2.jpg
straight-laced.png	482136	image/png	https://static.wixstatic.com/media/eda1e6_2a9388d032c9446aaedf3e6c2c116236~mv2.png/v1/fill/w_480,h_480,al_c,q_90,enc_avif,quality_auto/SL.png
straight-cross.png	474052	image/png	https://static.wixstatic.com/media/eda1e6_bf82b17cdd784a6d8939f0b753f9a1f1~mv2.png/v1/fill/w_480,h_480,al_c,q_90,enc_avif,quality_auto/SX.png
bolt-on.jpg	49780	image/jpeg	https://static.wixstatic.com/media/7272fc_c526ace314be4a248cb8487b99cc99f3~mv2.jpg/v1/fill/w_480,h_480,al_c,q_85,enc_avif,quality_auto/7272fc_c526ace314be4a248cb8487b99cc99f3~mv2.jpg
chrome.jpg	133856	image/jpeg	https://static.wixstatic.com/media/7272fc_860a2153ee504350b83870689056f3ad~mv2_d_2335_1936_s_2.jpg/v1/fill/w_520,h_760,al_c,q_85,enc_avif,quality_auto/IMG_6517.jpg
color.jpg	171113	image/jpeg	https://static.wixstatic.com/media/eda1e6_153da3ed7b434b6abdbfa65e92003b83~mv2.jpg/v1/crop/x_378,y_342,w_1152,h_1719/fill/w_520,h_760,al_c,q_85,enc_avif,quality_auto/RED%20CL.jpg
accessories.jpg	58871	image/jpeg	https://static.wixstatic.com/media/eda1e6_636b161927a74450a1a3fe5f8c6d42ae~mv2.jpg/v1/fill/w_520,h_760,al_c,q_85,enc_avif,quality_auto/ACCESS.jpg
gold.jpg	146636	image/jpeg	https://static.wixstatic.com/media/7272fc_39f2d38db15b4804907b345fb2822dd2~mv2.jpg/v1/fill/w_520,h_760,al_c,q_85,enc_avif,quality_auto/DSC05777_JPG.jpg
engraving.jpg	77528	image/jpeg	https://static.wixstatic.com/media/eda1e6_7fd80d5a585a48899f30ffa06d2bb4d2~mv2.jpg/v1/fill/w_520,h_760,al_c,q_85,enc_avif,quality_auto/20190806_103531.jpg
mix.jpg	177422	image/jpeg	https://static.wixstatic.com/media/eda1e6_9d9fdfa1806c4c79a6cc97ad6103e3a4~mv2.jpg/v1/crop/x_383,y_0,w_1508,h_2247/fill/w_520,h_760,al_c,q_85,enc_avif,quality_auto/20191010_054738.jpg
rides.jpg	44306	image/jpeg	https://static.wixstatic.com/media/7272fc_f24381ab80b7437b8441b935a36eb9f6~mv2.jpg/v1/fill/w_520,h_760,al_c,q_85,enc_avif,quality_auto/23262600052_large.jpg
street-bg.jpg	84776	image/jpeg	https://static.wixstatic.com/media/11062b_4d1ce144268d4ffda4eb0e5d39af01d0f000.jpg/v1/fill/w_1905,h_993,al_c,q_85,usm_0.33_1.00_0.00,enc_avif,quality_auto/11062b_4d1ce144268d4ffda4eb0e5d39af01d0f000.jpg
